City,Census Tract,TANC Local,Match_ID,NAME,Total,White,Black,Asian,Hispanic,B25070_007E,B25070_008E,B25070_009E,B25070_010E,B25070_001E,B23025_005E,B23025_002E,C16002_004E,C16002_007E,C16002_001E,state,county,Tract_ID,Rent Burden,Unemployment Rate,% Spanish LE,% Asian LE
Albany,420600,Berkeley,420600,Census Tract 4206; Alameda County; California,3521.0,2282.0,39.0,484.0,255.0,0.0,6.0,10.0,76.0,233.0,62.0,1829.0,0.0,0.0,1333.0,06,001,420600,39.5,3.4,0.0,0.0
Albany,420100,Berkeley,420100,Census Tract 4201; Alameda County; California,2656.0,1307.0,144.0,500.0,342.0,29.0,29.0,0.0,36.0,188.0,94.0,1409.0,0.0,0.0,1028.0,06,001,420100,50.0,6.7,0.0,0.0
Albany,420200,Berkeley,420200,Census Tract 4202; Alameda County; California,3225.0,1135.0,150.0,1263.0,241.0,26.0,81.0,8.0,74.0,655.0,60.0,2004.0,0.0,0.0,1262.0,06,001,420200,28.9,3.0,0.0,0.0
Albany,420500,Berkeley,420500,Census Tract 4205; Alameda County; California,2474.0,1181.0,60.0,549.0,485.0,29.0,18.0,25.0,102.0,455.0,69.0,1335.0,0.0,0.0,930.0,06,001,420500,38.2,5.2,0.0,0.0
Albany,420401,Berkeley,420401,Census Tract 4204.01; Alameda County; California,1438.0,398.0,7.0,470.0,438.0,46.0,7.0,46.0,153.0,456.0,4.0,617.0,0.0,0.0,456.0,06,001,420401,55.3,0.6,0.0,0.0
Albany,420402,Berkeley,420402,Census Tract 4204.02; Alameda County; California,1607.0,524.0,53.0,558.0,404.0,19.0,39.0,41.0,181.0,602.0,30.0,883.0,15.0,0.0,602.0,06,001,420402,46.5,3.4,2.5,0.0
Albany,420301,Berkeley,420301,Census Tract 4203.01; Alameda County; California,2466.0,894.0,82.0,1011.0,229.0,43.0,28.0,10.0,108.0,436.0,21.0,1367.0,0.0,0.0,1101.0,06,001,420301,43.3,1.5,0.0,0.0
Albany,420302,Berkeley,420302,Census Tract 4203.02; Alameda County; California,2381.0,967.0,112.0,855.0,168.0,41.0,65.0,81.0,129.0,534.0,28.0,1290.0,0.0,0.0,961.0,06,001,420302,59.2,2.2,0.0,0.0
Berkeley,421100,Berkeley,421100,Census Tract 4211; Alameda County; California,2127.0,1572.0,38.0,216.0,79.0,0.0,0.0,0.0,0.0,95.0,49.0,1154.0,0.0,5.0,872.0,06,001,421100,0.0,4.2,0.0,0.6
Berkeley,421200,Berkeley,421200,Census Tract 4212; Alameda County; California,3503.0,2371.0,9.0,696.0,120.0,9.0,6.0,0.0,0.0,66.0,109.0,1745.0,0.0,0.0,1378.0,06,001,421200,22.7,6.2,0.0,0.0
Berkeley,421300,Berkeley,421300,Census Tract 4213; Alameda County; California,4041.0,2886.0,9.0,573.0,124.0,26.0,9.0,17.0,93.0,336.0,98.0,2049.0,0.0,0.0,1841.0,06,001,421300,43.2,4.8,0.0,0.0
Berkeley,421400,Berkeley,421400,Census Tract 4214; Alameda County; California,1770.0,1302.0,18.0,129.0,246.0,0.0,0.0,9.0,22.0,77.0,8.0,913.0,0.0,0.0,652.0,06,001,421400,40.3,0.9,0.0,0.0
Berkeley,421500,Berkeley,421500,Census Tract 4215; Alameda County; California,4122.0,3322.0,46.0,316.0,250.0,9.0,13.0,52.0,36.0,287.0,87.0,2094.0,0.0,10.0,1589.0,06,001,421500,38.3,4.2,0.0,0.6
Berkeley,421600,Berkeley,421600,Census Tract 4216; Alameda County; California,3896.0,2727.0,79.0,404.0,288.0,0.0,37.0,66.0,41.0,340.0,66.0,1991.0,11.0,8.0,1557.0,06,001,421600,42.4,3.3,0.7,0.5
Berkeley,421700,Berkeley,421700,Census Tract 4217; Alameda County; California,3427.0,2364.0,125.0,711.0,143.0,44.0,52.0,44.0,243.0,1103.0,80.0,1912.0,0.0,80.0,1643.0,06,001,421700,34.7,4.2,0.0,4.9
Berkeley,421800,Berkeley,421800,Census Tract 4218; Alameda County; California,2193.0,1444.0,32.0,309.0,124.0,12.0,20.0,33.0,24.0,316.0,25.0,1287.0,0.0,0.0,888.0,06,001,421800,28.2,1.9,0.0,0.0
Berkeley,421900,Berkeley,421900,Census Tract 4219; Alameda County; California,4109.0,2351.0,399.0,741.0,264.0,18.0,45.0,67.0,141.0,638.0,49.0,2459.0,6.0,8.0,1698.0,06,001,421900,42.5,2.0,0.4,0.5
Berkeley,422000,Berkeley,422000,Census Tract 4220; Alameda County; California,2346.0,1140.0,129.0,541.0,224.0,85.0,38.0,129.0,276.0,1014.0,16.0,1742.0,0.0,0.0,1233.0,06,001,422000,52.1,0.9,0.0,0.0
Berkeley,422100,Berkeley,422100,Census Tract 4221; Alameda County; California,3103.0,1590.0,239.0,420.0,571.0,73.0,20.0,79.0,191.0,686.0,102.0,1903.0,7.0,0.0,1416.0,06,001,422100,52.9,5.4,0.5,0.0
Berkeley,422200,Berkeley,422200,Census Tract 4222; Alameda County; California,3239.0,1847.0,107.0,503.0,254.0,64.0,35.0,20.0,132.0,772.0,98.0,1857.0,38.0,12.0,1447.0,06,001,422200,32.5,5.3,2.6,0.8
Berkeley,422300,Berkeley,422300,Census Tract 4223; Alameda County; California,3626.0,1951.0,393.0,738.0,178.0,47.0,48.0,124.0,255.0,1115.0,146.0,2051.0,0.0,0.0,1697.0,06,001,422300,42.5,7.1,0.0,0.0
Berkeley,422400,Berkeley,422400,Census Tract 4224; Alameda County; California,3970.0,1566.0,189.0,1432.0,445.0,58.0,161.0,290.0,327.0,1565.0,170.0,2743.0,0.0,44.0,1915.0,06,001,422400,53.4,6.2,0.0,2.3
Berkeley,422500,Berkeley,422500,Census Tract 4225; Alameda County; California,4546.0,1982.0,234.0,1402.0,611.0,28.0,62.0,291.0,505.0,1392.0,74.0,2536.0,0.0,204.0,1704.0,06,001,422500,63.6,2.9,0.0,12.0
Berkeley,422700,Berkeley,422700,Census Tract 4227; Alameda County; California,5015.0,1645.0,148.0,1896.0,815.0,25.0,12.0,8.0,441.0,838.0,192.0,2182.0,12.0,0.0,965.0,06,001,422700,58.0,8.8,1.2,0.0
Berkeley,422800,Berkeley,422800,Census Tract 4228; Alameda County; California,9183.0,2150.0,692.0,3592.0,1924.0,168.0,82.0,96.0,656.0,1490.0,544.0,3975.0,0.0,26.0,1504.0,06,001,422800,67.2,13.7,0.0,1.7
Berkeley,422901,Berkeley,422901,Census Tract 4229.01; Alameda County; California,1889.0,659.0,72.0,1022.0,63.0,0.0,56.0,44.0,267.0,857.0,121.0,1149.0,0.0,0.0,869.0,06,001,422901,42.8,10.5,0.0,0.0
Berkeley,422902,Berkeley,422902,Census Tract 4229.02; Alameda County; California,2370.0,738.0,92.0,889.0,227.0,129.0,6.0,26.0,489.0,1335.0,7.0,1261.0,0.0,0.0,1335.0,06,001,422902,48.7,0.6,0.0,0.0
Berkeley,423000,Berkeley,423000,Census Tract 4230; Alameda County; California,4526.0,2716.0,217.0,799.0,574.0,98.0,16.0,144.0,512.0,1225.0,141.0,2903.0,0.0,0.0,1994.0,06,001,423000,62.9,4.9,0.0,0.0
Berkeley,423100,Berkeley,423100,Census Tract 4231; Alameda County; California,4187.0,1638.0,828.0,719.0,539.0,118.0,69.0,96.0,600.0,1312.0,97.0,2067.0,7.0,27.0,2048.0,06,001,423100,67.3,4.7,0.3,1.3
Berkeley,423200,Berkeley,423200,Census Tract 4232; Alameda County; California,2874.0,1258.0,427.0,142.0,889.0,45.0,35.0,158.0,209.0,773.0,25.0,1426.0,0.0,0.0,1178.0,06,001,423200,57.8,1.8,0.0,0.0
Berkeley,423300,Berkeley,423300,Census Tract 4233; Alameda County; California,3438.0,1621.0,583.0,289.0,544.0,38.0,32.0,0.0,220.0,611.0,103.0,1945.0,27.0,10.0,1413.0,06,001,423300,47.5,5.3,1.9,0.7
Berkeley,423400,Berkeley,423400,Census Tract 4234; Alameda County; California,5581.0,2568.0,943.0,770.0,918.0,166.0,129.0,16.0,254.0,1267.0,306.0,3751.0,43.0,24.0,2141.0,06,001,423400,44.6,8.2,2.0,1.1
Berkeley,423500,Berkeley,423500,Census Tract 4235; Alameda County; California,3537.0,1989.0,366.0,429.0,493.0,186.0,50.0,137.0,210.0,1104.0,81.0,2042.0,0.0,25.0,1607.0,06,001,423500,52.8,4.0,0.0,1.6
Berkeley,423601,Berkeley,423601,Census Tract 4236.01; Alameda County; California,2717.0,1656.0,106.0,350.0,373.0,57.0,0.0,63.0,151.0,610.0,140.0,1672.0,0.0,11.0,1145.0,06,001,423601,44.4,8.4,0.0,1.0
Berkeley,423602,Berkeley,423602,Census Tract 4236.02; Alameda County; California,6739.0,3409.0,145.0,2056.0,659.0,83.0,44.0,147.0,830.0,1634.0,265.0,3158.0,0.0,0.0,2300.0,06,001,423602,67.6,8.4,0.0,0.0
Berkeley,423700,Berkeley,423700,Census Tract 4237; Alameda County; California,3537.0,1982.0,109.0,733.0,488.0,22.0,68.0,69.0,203.0,639.0,115.0,1810.0,23.0,0.0,1143.0,06,001,423700,56.7,6.4,2.0,0.0
Berkeley,423800,Berkeley,423800,Census Tract 4238; Alameda County; California,3460.0,2549.0,43.0,338.0,173.0,11.0,0.0,17.0,40.0,423.0,133.0,1744.0,0.0,0.0,1446.0,06,001,423800,16.1,7.6,0.0,0.0
Berkeley,423901,Berkeley,423901,Census Tract 4239.01; Alameda County; California,2205.0,1055.0,226.0,205.0,473.0,33.0,23.0,34.0,96.0,565.0,70.0,1350.0,7.0,0.0,903.0,06,001,423901,32.9,5.2,0.8,0.0
Berkeley,423902,Berkeley,423902,Census Tract 4239.02; Alameda County; California,1541.0,1013.0,85.0,184.0,184.0,43.0,15.0,23.0,130.0,500.0,43.0,1020.0,17.0,0.0,702.0,06,001,423902,42.2,4.2,2.4,0.0
Berkeley,424001,Berkeley,424001,Census Tract 4240.01; Alameda County; California,3716.0,1648.0,703.0,502.0,656.0,71.0,118.0,49.0,357.0,981.0,261.0,2318.0,0.0,0.0,1465.0,06,001,424001,60.7,11.3,0.0,0.0
Berkeley,424002,Berkeley,424002,Census Tract 4240.02; Alameda County; California,2591.0,1053.0,636.0,273.0,464.0,68.0,56.0,26.0,65.0,510.0,141.0,1464.0,5.0,0.0,1034.0,06,001,424002,42.2,9.6,0.5,0.0
Berkeley,982100,Berkeley (UCB),982100,Census Tract 9821; Alameda County; California,1099.0,362.0,89.0,434.0,188.0,0.0,0.0,4.0,10.0,24.0,18.0,495.0,0.0,0.0,40.0,06,001,982100,58.3,3.6,0.0,0.0
Oakland,402802,Central,402802,Census Tract 4028.02; Alameda County; California,1527.0,378.0,638.0,288.0,33.0,48.0,10.0,79.0,262.0,739.0,134.0,724.0,0.0,0.0,777.0,06,001,402802,54.0,18.5,0.0,0.0
Oakland,402900,Central,402900,Census Tract 4029; Alameda County; California,2111.0,467.0,417.0,915.0,246.0,119.0,29.0,84.0,480.0,1402.0,61.0,1376.0,0.0,0.0,1402.0,06,001,402900,50.8,4.4,0.0,0.0
Oakland,403000,Central,403000,Census Tract 4030; Alameda County; California,3125.0,401.0,200.0,2229.0,66.0,62.0,25.0,88.0,364.0,1392.0,129.0,1580.0,9.0,11.0,1781.0,06,001,403000,38.7,8.2,0.5,0.6
Oakland,403100,Central,403100,Census Tract 4031; Alameda County; California,2174.0,720.0,560.0,632.0,209.0,42.0,56.0,34.0,108.0,762.0,100.0,1536.0,0.0,0.0,1119.0,06,001,403100,31.5,6.5,0.0,0.0
Oakland,403301,Central,403301,Census Tract 4033.01; Alameda County; California,1807.0,97.0,61.0,1415.0,35.0,54.0,13.0,32.0,346.0,724.0,39.0,892.0,0.0,0.0,823.0,06,001,403301,61.5,4.4,0.0,0.0
Oakland,403302,Central,403302,Census Tract 4033.02; Alameda County; California,2687.0,1198.0,120.0,698.0,279.0,75.0,51.0,54.0,91.0,1107.0,83.0,2268.0,0.0,5.0,1561.0,06,001,403302,24.5,3.7,0.0,0.3
Oakland,403401,Central,403401,Census Tract 4034.01; Alameda County; California,2641.0,1132.0,347.0,626.0,319.0,251.0,93.0,127.0,403.0,1591.0,76.0,1630.0,0.0,0.0,1923.0,06,001,403401,54.9,4.7,0.0,0.0
Oakland,403402,Central,403402,Census Tract 4034.02; Alameda County; California,955.0,416.0,179.0,120.0,161.0,86.0,25.0,61.0,134.0,712.0,49.0,849.0,0.0,0.0,712.0,06,001,403402,43.0,5.8,0.0,0.0
Oakland,403501,Central,403501,Census Tract 4035.01; Alameda County; California,5421.0,1893.0,943.0,1715.0,497.0,96.0,92.0,241.0,553.0,2474.0,217.0,3686.0,50.0,0.0,2914.0,06,001,403501,39.7,5.9,1.7,0.0
Oakland,403502,Central,403502,Census Tract 4035.02; Alameda County; California,1885.0,867.0,372.0,142.0,233.0,81.0,32.0,64.0,210.0,958.0,27.0,1359.0,9.0,0.0,1086.0,06,001,403502,40.4,2.0,0.8,0.0
Oakland,403600,Central,403600,Census Tract 4036; Alameda County; California,4902.0,1717.0,1014.0,503.0,931.0,183.0,123.0,101.0,319.0,2385.0,127.0,3284.0,20.0,17.0,2846.0,06,001,403600,30.4,3.9,0.7,0.6
Oakland,403701,Central,403701,Census Tract 4037.01; Alameda County; California,2875.0,1190.0,709.0,544.0,260.0,128.0,74.0,52.0,473.0,1471.0,19.0,1784.0,10.0,9.0,1677.0,06,001,403701,49.4,1.1,0.6,0.5
Oakland,403702,Central,403702,Census Tract 4037.02; Alameda County; California,2264.0,1235.0,322.0,236.0,248.0,87.0,41.0,51.0,150.0,1040.0,87.0,1668.0,0.0,7.0,1239.0,06,001,403702,31.6,5.2,0.0,0.6
Oakland,403800,Central,403800,Census Tract 4038; Alameda County; California,3996.0,2450.0,541.0,455.0,262.0,25.0,126.0,32.0,208.0,1262.0,127.0,2645.0,0.0,0.0,2012.0,06,001,403800,31.0,4.8,0.0,0.0
Oakland,403900,Central,403900,Census Tract 4039; Alameda County; California,3864.0,2526.0,346.0,449.0,448.0,76.0,100.0,41.0,260.0,1387.0,127.0,2410.0,16.0,0.0,2203.0,06,001,403900,34.4,5.3,0.7,0.0
Oakland,405200,Central,405200,Census Tract 4052; Alameda County; California,4916.0,1350.0,580.0,1771.0,725.0,97.0,70.0,11.0,355.0,1842.0,36.0,3098.0,0.0,57.0,2298.0,06,001,405200,28.9,1.2,0.0,2.5
Oakland,405301,Central,405301,Census Tract 4053.01; Alameda County; California,2934.0,1435.0,530.0,352.0,375.0,103.0,44.0,118.0,265.0,1361.0,73.0,2181.0,14.0,15.0,1488.0,06,001,405301,38.9,3.3,0.9,1.0
Oakland,405302,Central,405302,Census Tract 4053.02; Alameda County; California,2560.0,849.0,521.0,793.0,259.0,186.0,95.0,65.0,374.0,1524.0,70.0,1568.0,0.0,0.0,1611.0,06,001,405302,47.2,4.5,0.0,0.0
Oakland,983200,Central,983200,Census Tract 9832; Alameda County; California,1038.0,496.0,170.0,212.0,60.0,0.0,31.0,13.0,44.0,191.0,1.0,768.0,0.0,0.0,615.0,06,001,983200,46.1,0.1,0.0,0.0
Oakland,404700,EOL,404700,Census Tract 4047; Alameda County; California,2223.0,1471.0,99.0,262.0,208.0,0.0,0.0,20.0,0.0,63.0,60.0,1248.0,0.0,0.0,857.0,06,001,404700,31.7,4.8,0.0,0.0
Oakland,404800,EOL,404800,Census Tract 4048; Alameda County; California,2622.0,1372.0,338.0,382.0,270.0,32.0,11.0,6.0,158.0,537.0,150.0,1274.0,19.0,47.0,1142.0,06,001,404800,38.5,11.8,1.7,4.1
Oakland,404900,EOL,404900,Census Tract 4049; Alameda County; California,4798.0,2667.0,239.0,682.0,704.0,100.0,92.0,77.0,151.0,831.0,78.0,2970.0,0.0,0.0,2065.0,06,001,404900,50.5,2.6,0.0,0.0
Oakland,405000,EOL,405000,Census Tract 4050; Alameda County; California,3670.0,2087.0,429.0,443.0,390.0,71.0,42.0,43.0,67.0,512.0,99.0,2321.0,10.0,0.0,1563.0,06,001,405000,43.6,4.3,0.6,0.0
Oakland,405100,EOL,405100,Census Tract 4051; Alameda County; California,4451.0,2831.0,190.0,608.0,362.0,0.0,0.0,0.0,9.0,92.0,20.0,2449.0,0.0,0.0,1694.0,06,001,405100,9.8,0.8,0.0,0.0
Oakland,405401,EOL,405401,Census Tract 4054.01; Alameda County; California,3733.0,796.0,573.0,1175.0,908.0,91.0,26.0,131.0,442.0,1451.0,223.0,2550.0,41.0,0.0,1615.0,06,001,405401,47.6,8.7,2.5,0.0
Oakland,405402,EOL,405402,Census Tract 4054.02; Alameda County; California,3325.0,631.0,433.0,1204.0,915.0,91.0,137.0,47.0,305.0,1074.0,92.0,1866.0,56.0,0.0,1212.0,06,001,405402,54.0,4.9,4.6,0.0
Oakland,405500,EOL,405500,Census Tract 4055; Alameda County; California,3574.0,696.0,501.0,1331.0,777.0,91.0,41.0,84.0,270.0,1155.0,110.0,2193.0,30.0,0.0,1629.0,06,001,405500,42.1,5.0,1.8,0.0
Oakland,405600,EOL,405600,Census Tract 4056; Alameda County; California,3153.0,755.0,472.0,1048.0,680.0,128.0,156.0,87.0,277.0,994.0,113.0,2150.0,0.0,0.0,1449.0,06,001,405600,65.2,5.3,0.0,0.0
Oakland,405700,EOL,405700,Census Tract 4057; Alameda County; California,3553.0,537.0,890.0,875.0,1087.0,40.0,53.0,0.0,272.0,961.0,67.0,2115.0,53.0,0.0,1491.0,06,001,405700,38.0,3.2,3.6,0.0
Oakland,405800,EOL,405800,Census Tract 4058; Alameda County; California,4329.0,493.0,870.0,1880.0,772.0,62.0,100.0,110.0,155.0,772.0,191.0,2424.0,0.0,0.0,1366.0,06,001,405800,55.3,7.9,0.0,0.0
Oakland,405901,EOL,405901,Census Tract 4059.01; Alameda County; California,4206.0,154.0,749.0,1272.0,1648.0,30.0,57.0,63.0,295.0,858.0,265.0,2289.0,68.0,0.0,1169.0,06,001,405901,51.9,11.6,5.8,0.0
Oakland,405902,EOL,405902,Census Tract 4059.02; Alameda County; California,2994.0,377.0,156.0,1214.0,912.0,38.0,22.0,50.0,240.0,568.0,249.0,1804.0,32.0,0.0,919.0,06,001,405902,61.6,13.8,3.5,0.0
Oakland,406000,EOL,406000,Census Tract 4060; Alameda County; California,4638.0,820.0,902.0,1915.0,844.0,151.0,16.0,90.0,519.0,1694.0,170.0,2646.0,53.0,0.0,2000.0,06,001,406000,45.8,6.4,2.6,0.0
Oakland,406100,EOL,406100,Census Tract 4061; Alameda County; California,5379.0,650.0,403.0,1180.0,2910.0,254.0,30.0,76.0,516.0,1391.0,182.0,2846.0,140.0,0.0,1946.0,06,001,406100,63.0,6.4,7.2,0.0
Oakland,406201,EOL,406201,Census Tract 4062.01; Alameda County; California,5191.0,293.0,686.0,1104.0,2873.0,58.0,158.0,147.0,356.0,1264.0,250.0,2696.0,131.0,11.0,1508.0,06,001,406201,56.9,9.3,8.7,0.7
Oakland,406202,EOL,406202,Census Tract 4062.02; Alameda County; California,4958.0,223.0,296.0,917.0,3451.0,183.0,72.0,121.0,283.0,1215.0,71.0,2238.0,274.0,0.0,1379.0,06,001,406202,54.2,3.2,19.9,0.0
Oakland,406300,EOL,406300,Census Tract 4063; Alameda County; California,4529.0,303.0,777.0,1000.0,1887.0,124.0,0.0,164.0,380.0,848.0,130.0,2247.0,28.0,0.0,1406.0,06,001,406300,78.8,5.8,2.0,0.0
Oakland,406400,EOL,406400,Census Tract 4064; Alameda County; California,2456.0,677.0,410.0,299.0,867.0,46.0,18.0,11.0,200.0,445.0,14.0,925.0,9.0,0.0,805.0,06,001,406400,61.8,1.5,1.1,0.0
Oakland,406500,EOL,406500,Census Tract 4065; Alameda County; California,6405.0,830.0,790.0,1448.0,3207.0,96.0,63.0,76.0,369.0,1212.0,314.0,3471.0,87.0,0.0,2006.0,06,001,406500,49.8,9.0,4.3,0.0
Oakland,406601,EOL,406601,Census Tract 4066.01; Alameda County; California,4476.0,943.0,1363.0,661.0,1240.0,136.0,59.0,105.0,383.0,971.0,445.0,3026.0,71.0,0.0,1854.0,06,001,406601,70.3,14.7,3.8,0.0
Oakland,406602,EOL,406602,Census Tract 4066.02; Alameda County; California,2638.0,348.0,657.0,501.0,940.0,48.0,31.0,136.0,139.0,677.0,168.0,1368.0,29.0,6.0,962.0,06,001,406602,52.3,12.3,3.0,0.6
Oakland,406700,EOL,406700,Census Tract 4067; Alameda County; California,5718.0,2486.0,445.0,1015.0,1223.0,62.0,47.0,112.0,221.0,785.0,181.0,3556.0,0.0,0.0,2118.0,06,001,406700,56.3,5.1,0.0,0.0
Oakland,406900,EOL,406900,Census Tract 4069; Alameda County; California,4535.0,1575.0,930.0,804.0,633.0,51.0,50.0,33.0,153.0,683.0,204.0,2601.0,5.0,0.0,1585.0,06,001,406900,42.0,7.8,0.3,0.0
Oakland,407000,EOL,407000,Census Tract 4070; Alameda County; California,6315.0,1105.0,1305.0,1215.0,2279.0,23.0,127.0,14.0,455.0,1079.0,118.0,3397.0,18.0,30.0,2179.0,06,001,407000,57.4,3.5,0.8,1.4
Oakland,407101,EOL,407101,Census Tract 4071.01; Alameda County; California,3547.0,292.0,400.0,815.0,1836.0,33.0,24.0,96.0,278.0,686.0,159.0,1865.0,213.0,0.0,1135.0,06,001,407101,62.8,8.5,18.8,0.0
Oakland,407102,EOL,407102,Census Tract 4071.02; Alameda County; California,4464.0,324.0,1033.0,1215.0,1579.0,35.0,51.0,52.0,93.0,597.0,92.0,2122.0,111.0,0.0,1423.0,06,001,407102,38.7,4.3,7.8,0.0
Oakland,407200,EOL,407200,Census Tract 4072; Alameda County; California,6483.0,727.0,178.0,513.0,4878.0,237.0,22.0,72.0,473.0,1361.0,159.0,3046.0,212.0,0.0,1896.0,06,001,407200,59.1,5.2,11.2,0.0
Oakland,407300,EOL,407300,Census Tract 4073; Alameda County; California,2401.0,295.0,259.0,287.0,1482.0,39.0,7.0,42.0,148.0,407.0,165.0,1186.0,46.0,0.0,674.0,06,001,407300,58.0,13.9,6.8,0.0
Oakland,407400,EOL,407400,Census Tract 4074; Alameda County; California,4268.0,259.0,1485.0,405.0,2030.0,128.0,73.0,130.0,343.0,980.0,118.0,1932.0,167.0,0.0,1324.0,06,001,407400,68.8,6.1,12.6,0.0
Oakland,407500,EOL,407500,Census Tract 4075; Alameda County; California,3687.0,292.0,469.0,487.0,2335.0,116.0,0.0,145.0,214.0,816.0,85.0,1625.0,92.0,0.0,1298.0,06,001,407500,58.2,5.2,7.1,0.0
Oakland,407600,EOL,407600,Census Tract 4076; Alameda County; California,6793.0,1605.0,1268.0,877.0,2684.0,59.0,64.0,237.0,317.0,1073.0,221.0,3782.0,215.0,37.0,2177.0,06,001,407600,63.1,5.8,9.9,1.7
Oakland,407700,EOL,407700,Census Tract 4077; Alameda County; California,4261.0,1893.0,894.0,250.0,915.0,0.0,83.0,36.0,136.0,474.0,145.0,2424.0,6.0,0.0,1694.0,06,001,407700,53.8,6.0,0.4,0.0
Oakland,407800,EOL,407800,Census Tract 4078; Alameda County; California,2710.0,922.0,587.0,285.0,795.0,14.0,4.0,37.0,78.0,184.0,57.0,1377.0,0.0,0.0,751.0,06,001,407800,72.3,4.1,0.0,0.0
Oakland,407900,EOL,407900,Census Tract 4079; Alameda County; California,3101.0,1354.0,262.0,458.0,508.0,99.0,52.0,0.0,139.0,399.0,98.0,1740.0,0.0,17.0,1322.0,06,001,407900,72.7,5.6,0.0,1.3
Oakland,408200,EOL,408200,Census Tract 4082; Alameda County; California,4743.0,922.0,1729.0,231.0,1535.0,138.0,19.0,97.0,185.0,847.0,57.0,2480.0,70.0,0.0,1893.0,06,001,408200,51.8,2.3,3.7,0.0
Oakland,408300,EOL,408300,Census Tract 4083; Alameda County; California,4555.0,987.0,1537.0,590.0,1124.0,25.0,0.0,134.0,176.0,552.0,178.0,2550.0,50.0,0.0,1866.0,06,001,408300,60.7,7.0,2.7,0.0
Oakland,408400,EOL,408400,Census Tract 4084; Alameda County; California,4098.0,261.0,1510.0,263.0,2045.0,21.0,35.0,86.0,245.0,707.0,171.0,2257.0,137.0,0.0,1333.0,06,001,408400,54.7,7.6,10.3,0.0
Oakland,408500,EOL,408500,Census Tract 4085; Alameda County; California,5540.0,46.0,2061.0,301.0,2654.0,75.0,27.0,141.0,257.0,968.0,252.0,2885.0,132.0,0.0,1759.0,06,001,408500,51.7,8.7,7.5,0.0
Oakland,408600,EOL,408600,Census Tract 4086; Alameda County; California,6364.0,458.0,2075.0,154.0,3366.0,47.0,116.0,52.0,278.0,1033.0,207.0,3363.0,130.0,0.0,2011.0,06,001,408600,47.7,6.2,6.5,0.0
Oakland,408700,EOL,408700,Census Tract 4087; Alameda County; California,7411.0,695.0,2165.0,502.0,3923.0,21.0,107.0,243.0,746.0,1597.0,204.0,3300.0,132.0,0.0,2764.0,06,001,408700,69.9,6.2,4.8,0.0
Oakland,408800,EOL,408800,Census Tract 4088; Alameda County; California,7045.0,323.0,2289.0,462.0,3093.0,193.0,142.0,177.0,675.0,1983.0,241.0,3242.0,138.0,0.0,2365.0,06,001,408800,59.9,7.4,5.8,0.0
Oakland,408900,EOL,408900,Census Tract 4089; Alameda County; California,4240.0,197.0,684.0,79.0,3233.0,45.0,58.0,120.0,283.0,820.0,252.0,2194.0,100.0,0.0,1166.0,06,001,408900,61.7,11.5,8.6,0.0
Oakland,409000,EOL,409000,Census Tract 4090; Alameda County; California,4914.0,194.0,1304.0,502.0,2819.0,28.0,0.0,36.0,148.0,513.0,147.0,2212.0,82.0,0.0,1027.0,06,001,409000,41.3,6.6,8.0,0.0
Oakland,409100,EOL,409100,Census Tract 4091; Alameda County; California,2388.0,210.0,384.0,145.0,1602.0,37.0,7.0,17.0,76.0,247.0,11.0,1204.0,6.0,0.0,678.0,06,001,409100,55.5,0.9,0.9,0.0
Oakland,409200,EOL,409200,Census Tract 4092; Alameda County; California,3832.0,77.0,914.0,169.0,2476.0,42.0,13.0,50.0,116.0,441.0,119.0,1859.0,108.0,0.0,1046.0,06,001,409200,50.1,6.4,10.3,0.0
Oakland,409300,EOL,409300,Census Tract 4093; Alameda County; California,5577.0,121.0,1074.0,252.0,3873.0,91.0,160.0,20.0,349.0,991.0,124.0,2540.0,201.0,10.0,1695.0,06,001,409300,62.6,4.9,11.9,0.6
Oakland,409400,EOL,409400,Census Tract 4094; Alameda County; California,5032.0,157.0,847.0,274.0,3682.0,81.0,42.0,92.0,195.0,675.0,97.0,2458.0,177.0,0.0,1366.0,06,001,409400,60.7,3.9,13.0,0.0
Oakland,409500,EOL,409500,Census Tract 4095; Alameda County; California,4502.0,456.0,677.0,125.0,3111.0,86.0,69.0,112.0,315.0,786.0,171.0,1819.0,13.0,0.0,1117.0,06,001,409500,74.0,9.4,1.2,0.0
Oakland,409600,EOL,409600,Census Tract 4096; Alameda County; California,5313.0,65.0,1584.0,4.0,3569.0,95.0,67.0,48.0,392.0,1039.0,232.0,2383.0,90.0,0.0,1727.0,06,001,409600,57.9,9.7,5.2,0.0
Oakland,409700,EOL,409700,Census Tract 4097; Alameda County; California,5061.0,306.0,1933.0,20.0,2190.0,68.0,194.0,175.0,612.0,1300.0,115.0,1885.0,90.0,0.0,1693.0,06,001,409700,80.7,6.1,5.3,0.0
Oakland,409800,EOL,409800,Census Tract 4098; Alameda County; California,3405.0,449.0,1652.0,243.0,666.0,64.0,62.0,0.0,173.0,453.0,161.0,1807.0,0.0,0.0,1226.0,06,001,409800,66.0,8.9,0.0,0.0
Oakland,410100,EOL,410100,Census Tract 4101; Alameda County; California,2893.0,320.0,1548.0,291.0,519.0,0.0,50.0,53.0,172.0,420.0,114.0,1428.0,43.0,0.0,1095.0,06,001,410100,65.5,8.0,3.9,0.0
Oakland,410200,EOL,410200,Census Tract 4102; Alameda County; California,3545.0,266.0,1205.0,87.0,1555.0,77.0,76.0,33.0,159.0,545.0,119.0,1844.0,36.0,0.0,1107.0,06,001,410200,63.3,6.5,3.3,0.0
Oakland,410300,EOL,410300,Census Tract 4103; Alameda County; California,3967.0,39.0,535.0,71.0,3288.0,14.0,15.0,22.0,392.0,647.0,148.0,1974.0,175.0,0.0,1080.0,06,001,410300,68.5,7.5,16.2,0.0
Oakland,410400,EOL,410400,Census Tract 4104; Alameda County; California,4633.0,303.0,1490.0,272.0,2403.0,114.0,0.0,6.0,157.0,710.0,72.0,2520.0,99.0,16.0,1461.0,06,001,410400,39.0,2.9,6.8,1.1
Oakland,406800,EOL (Hills),406800,Census Tract 4068; Alameda County; California,3905.0,1072.0,820.0,707.0,948.0,55.0,0.0,49.0,105.0,459.0,268.0,2106.0,11.0,6.0,1429.0,06,001,406800,45.5,12.7,0.8,0.4
Oakland,408000,EOL (Hills),408000,Census Tract 4080; Alameda County; California,2767.0,1625.0,264.0,492.0,300.0,12.0,5.0,0.0,61.0,142.0,120.0,1549.0,0.0,0.0,1019.0,06,001,408000,54.9,7.7,0.0,0.0
Oakland,408100,EOL (Hills),408100,Census Tract 4081; Alameda County; California,7552.0,2214.0,2239.0,1841.0,876.0,24.0,17.0,16.0,86.0,314.0,184.0,4263.0,0.0,0.0,2965.0,06,001,408100,45.5,4.3,0.0,0.0
Oakland,409900,EOL (Hills),409900,Census Tract 4099; Alameda County; California,3904.0,995.0,1719.0,206.0,479.0,22.0,0.0,0.0,30.0,151.0,62.0,2153.0,0.0,0.0,1434.0,06,001,409900,34.4,2.9,0.0,0.0
Oakland,410000,EOL (Hills),410000,Census Tract 4100; Alameda County; California,3053.0,985.0,1323.0,393.0,152.0,0.0,0.0,0.0,62.0,125.0,101.0,1623.0,0.0,0.0,1220.0,06,001,410000,49.6,6.2,0.0,0.0
Piedmont,426100,NW,426100,Census Tract 4261; Alameda County; California,6160.0,4152.0,1.0,1571.0,118.0,0.0,0.0,0.0,0.0,116.0,89.0,2908.0,0.0,0.0,2093.0,06,001,426100,0.0,3.1,0.0,0.0
Piedmont,426200,NW,426200,Census Tract 4262; Alameda County; California,4852.0,3090.0,79.0,913.0,338.0,7.0,4.0,0.0,23.0,256.0,120.0,2364.0,0.0,0.0,1644.0,06,001,426200,13.3,5.1,0.0,0.0
Emeryville,425101,NW,425101,Census Tract 4251.01; Alameda County; California,1677.0,818.0,39.0,427.0,187.0,72.0,75.0,68.0,222.0,729.0,69.0,1086.0,8.0,53.0,1292.0,06,001,425101,59.9,6.4,0.6,4.1
Emeryville,425102,NW,425102,Census Tract 4251.02; Alameda County; California,3901.0,1000.0,579.0,1653.0,316.0,164.0,156.0,317.0,236.0,1722.0,48.0,3002.0,0.0,27.0,2413.0,06,001,425102,50.7,1.6,0.0,1.1
Emeryville,425103,NW,425103,Census Tract 4251.03; Alameda County; California,3108.0,861.0,901.0,955.0,246.0,75.0,119.0,51.0,324.0,1336.0,260.0,2378.0,0.0,0.0,1789.0,06,001,425103,42.6,10.9,0.0,0.0
Emeryville,425104,NW,425104,Census Tract 4251.04; Alameda County; California,4070.0,1833.0,683.0,737.0,545.0,90.0,74.0,90.0,306.0,1533.0,100.0,2867.0,53.0,35.0,2153.0,06,001,425104,36.5,3.5,2.5,1.6
Oakland,400200,NW,400200,Census Tract 4002; Alameda County; California,2093.0,1408.0,43.0,256.0,196.0,9.0,0.0,4.0,29.0,355.0,59.0,1124.0,0.0,7.0,861.0,06,001,400200,11.8,5.2,0.0,0.8
Oakland,400300,NW,400300,Census Tract 4003; Alameda County; California,5727.0,3365.0,524.0,609.0,497.0,162.0,172.0,137.0,258.0,1632.0,261.0,3662.0,0.0,0.0,2713.0,06,001,400300,44.7,7.1,0.0,0.0
Oakland,400400,NW,400400,Census Tract 4004; Alameda County; California,4395.0,2645.0,433.0,422.0,604.0,10.0,9.0,105.0,119.0,827.0,5.0,2483.0,8.0,0.0,1803.0,06,001,400400,29.4,0.2,0.4,0.0
Oakland,400500,NW,400500,Census Tract 4005; Alameda County; California,3822.0,1696.0,911.0,306.0,557.0,116.0,15.0,78.0,186.0,871.0,190.0,2327.0,0.0,17.0,1655.0,06,001,400500,45.4,8.2,0.0,1.0
Oakland,400600,NW,400600,Census Tract 4006; Alameda County; California,1957.0,801.0,544.0,101.0,198.0,46.0,0.0,0.0,120.0,438.0,20.0,1256.0,0.0,0.0,795.0,06,001,400600,37.9,1.6,0.0,0.0
Oakland,400700,NW,400700,Census Tract 4007; Alameda County; California,4404.0,2230.0,1054.0,278.0,453.0,115.0,0.0,100.0,301.0,1250.0,151.0,2936.0,0.0,12.0,1899.0,06,001,400700,41.3,5.1,0.0,0.6
Oakland,400800,NW,400800,Census Tract 4008; Alameda County; California,4583.0,2441.0,371.0,690.0,596.0,86.0,62.0,150.0,164.0,1182.0,15.0,2934.0,59.0,0.0,1915.0,06,001,400800,39.1,0.5,3.1,0.0
Oakland,400900,NW,400900,Census Tract 4009; Alameda County; California,2752.0,959.0,759.0,211.0,509.0,48.0,0.0,30.0,113.0,738.0,116.0,1982.0,0.0,0.0,1127.0,06,001,400900,25.9,5.9,0.0,0.0
Oakland,401000,NW,401000,Census Tract 4010; Alameda County; California,6529.0,1985.0,2448.0,398.0,896.0,175.0,90.0,161.0,233.0,1576.0,308.0,4397.0,19.0,0.0,2522.0,06,001,401000,41.8,7.0,0.8,0.0
Oakland,401100,NW,401100,Census Tract 4011; Alameda County; California,5627.0,2390.0,1003.0,825.0,774.0,167.0,64.0,411.0,356.0,2250.0,264.0,4064.0,107.0,0.0,2739.0,06,001,401100,44.4,6.5,3.9,0.0
Oakland,401200,NW,401200,Census Tract 4012; Alameda County; California,3068.0,1764.0,207.0,473.0,355.0,24.0,90.0,100.0,166.0,884.0,53.0,2207.0,0.0,0.0,1496.0,06,001,401200,43.0,2.4,0.0,0.0
Oakland,401300,NW,401300,Census Tract 4013; Alameda County; California,4368.0,1459.0,1247.0,735.0,350.0,286.0,174.0,92.0,383.0,2119.0,116.0,2939.0,0.0,15.0,2396.0,06,001,401300,44.1,3.9,0.0,0.6
Oakland,401400,NW,401400,Census Tract 4014; Alameda County; California,4876.0,1278.0,1747.0,505.0,1090.0,68.0,99.0,135.0,422.0,1320.0,274.0,3116.0,79.0,0.0,1709.0,06,001,401400,54.8,8.8,4.6,0.0
Oakland,401500,NW,401500,Census Tract 4015; Alameda County; California,2827.0,596.0,1473.0,127.0,510.0,65.0,47.0,82.0,192.0,838.0,194.0,1647.0,51.0,0.0,1254.0,06,001,401500,46.1,11.8,4.1,0.0
Oakland,401600,NW,401600,Census Tract 4016; Alameda County; California,2617.0,552.0,894.0,248.0,767.0,44.0,80.0,62.0,101.0,667.0,169.0,1689.0,45.0,0.0,969.0,06,001,401600,43.0,10.0,4.6,0.0
Oakland,401700,NW,401700,Census Tract 4017; Alameda County; California,3519.0,1390.0,507.0,705.0,739.0,190.0,67.0,39.0,167.0,862.0,103.0,2549.0,0.0,11.0,1515.0,06,001,401700,53.7,4.0,0.0,0.7
Oakland,401800,NW,401800,Census Tract 4018; Alameda County; California,1816.0,482.0,563.0,83.0,576.0,73.0,46.0,34.0,192.0,525.0,35.0,1001.0,19.0,0.0,710.0,06,001,401800,65.7,3.5,2.7,0.0
Oakland,402200,NW,402200,Census Tract 4022; Alameda County; California,2385.0,817.0,786.0,185.0,493.0,111.0,13.0,42.0,57.0,578.0,100.0,1726.0,20.0,7.0,952.0,06,001,402200,38.6,5.8,2.1,0.7
Oakland,402400,NW,402400,Census Tract 4024; Alameda County; California,2727.0,424.0,1506.0,297.0,297.0,103.0,50.0,120.0,315.0,983.0,163.0,1510.0,41.0,0.0,1282.0,06,001,402400,59.8,10.8,3.2,0.0
Oakland,402500,NW,402500,Census Tract 4025; Alameda County; California,1877.0,442.0,763.0,304.0,192.0,109.0,35.0,53.0,119.0,608.0,134.0,924.0,0.0,0.0,717.0,06,001,402500,52.0,14.5,0.0,0.0
Oakland,402600,NW,402600,Census Tract 4026; Alameda County; California,1255.0,141.0,538.0,418.0,44.0,31.0,46.0,19.0,97.0,503.0,57.0,674.0,0.0,0.0,614.0,06,001,402600,38.4,8.5,0.0,0.0
Oakland,402700,NW,402700,Census Tract 4027; Alameda County; California,2056.0,494.0,732.0,333.0,395.0,41.0,16.0,27.0,124.0,561.0,93.0,1199.0,19.0,0.0,777.0,06,001,402700,37.1,7.8,2.4,0.0
Oakland,402801,NW,402801,Census Tract 4028.01; Alameda County; California,2911.0,764.0,1191.0,611.0,183.0,189.0,116.0,64.0,422.0,1463.0,132.0,1698.0,8.0,18.0,1675.0,06,001,402801,54.1,7.8,0.5,1.1
Oakland,404000,NW,404000,Census Tract 4040; Alameda County; California,2984.0,1558.0,367.0,235.0,541.0,113.0,99.0,161.0,214.0,1286.0,141.0,2146.0,0.0,0.0,1756.0,06,001,404000,45.6,6.6,0.0,0.0
Oakland,404101,NW,404101,Census Tract 4041.01; Alameda County; California,3155.0,2150.0,250.0,296.0,269.0,119.0,44.0,127.0,232.0,1137.0,36.0,2089.0,0.0,0.0,1739.0,06,001,404101,45.9,1.7,0.0,0.0
Oakland,404102,NW,404102,Census Tract 4041.02; Alameda County; California,2623.0,1468.0,91.0,355.0,411.0,211.0,76.0,101.0,187.0,1305.0,54.0,1563.0,0.0,17.0,1581.0,06,001,404102,44.1,3.5,0.0,1.1
Oakland,400100,NW (Hills),400100,Census Tract 4001; Alameda County; California,3094.0,2107.0,137.0,462.0,200.0,0.0,0.0,8.0,0.0,109.0,90.0,1650.0,0.0,0.0,1316.0,06,001,400100,7.3,5.5,0.0,0.0
Oakland,404200,NW (Hills),404200,Census Tract 4042; Alameda County; California,3584.0,2467.0,176.0,331.0,298.0,8.0,13.0,23.0,28.0,223.0,108.0,1858.0,0.0,0.0,1401.0,06,001,404200,32.3,5.8,0.0,0.0
Oakland,404300,NW (Hills),404300,Census Tract 4043; Alameda County; California,3510.0,2617.0,90.0,459.0,178.0,26.0,0.0,15.0,15.0,127.0,76.0,1850.0,0.0,0.0,1427.0,06,001,404300,44.1,4.1,0.0,0.0
Oakland,404400,NW (Hills),404400,Census Tract 4044; Alameda County; California,5657.0,3042.0,106.0,1174.0,192.0,13.0,0.0,0.0,45.0,310.0,79.0,3233.0,0.0,37.0,2381.0,06,001,404400,18.7,2.4,0.0,1.6
Oakland,404501,NW (Hills),404501,Census Tract 4045.01; Alameda County; California,1830.0,1124.0,110.0,180.0,153.0,0.0,12.0,0.0,48.0,110.0,41.0,917.0,8.0,6.0,685.0,06,001,404501,54.5,4.5,1.2,0.9
Oakland,404502,NW (Hills),404502,Census Tract 4045.02; Alameda County; California,6038.0,3883.0,284.0,1037.0,425.0,62.0,0.0,20.0,16.0,173.0,151.0,3438.0,12.0,0.0,2573.0,06,001,404502,56.6,4.4,0.5,0.0
Oakland,404600,NW (Hills),404600,Census Tract 4046; Alameda County; California,4767.0,2851.0,333.0,584.0,267.0,20.0,0.0,12.0,44.0,299.0,144.0,2245.0,0.0,8.0,1869.0,06,001,404600,25.4,6.4,0.0,0.4
Oakland,981900,NW (Port),981900,Census Tract 9819; Alameda County; California,9.0,5.0,0.0,0.0,0.0,0.0,0.0,0.0,0.0,5.0,0.0,9.0,0.0,0.0,5.0,06,001,981900,0.0,0.0,0.0,0.0
Oakland,982000,NW (Port),982000,Census Tract 9820; Alameda County; California,69.0,36.0,7.0,22.0,0.0,0.0,6.0,0.0,0.0,6.0,0.0,47.0,0.0,0.0,45.0,06,001,982000,100.0,0.0,0.0,0.0
