tract_2010,tract_2020,area_pct
400100,400100,0.9934
421600,400100,0.0054
422600,400100,0.0059
422700,400100,0.0045
423700,400100,0.0264
423800,400100,0.0
400200,400200,0.9867
423800,400200,0.0007
400300,400300,1.0
401100,400300,0.0057
400400,400400,0.9987
423902,400400,0.0404
400500,400500,0.9968
423901,400500,0.0092
400600,400600,1.0
400700,400700,0.9766
424001,400700,0.0189
400700,400800,0.0166
400800,400800,0.9898
400900,400800,0.031
422000,400800,0.0
424002,400800,0.0314
425103,400800,0.0014
400900,400900,0.9546
425104,400900,0.0028
401000,401000,0.9961
401100,401000,0.0053
401400,401000,0.0
401100,401100,0.9891
401200,401100,0.0004
401200,401200,0.9996
401300,401300,1.0
401400,401300,0.0045
401400,401400,0.9954
401500,401500,1.0
425104,401500,0.0015
401600,401600,1.0
401700,401700,0.9851
402200,401700,0.0024
425104,401700,0.0108
401800,401800,1.0
402200,401800,0.0033
402200,402200,0.9943
410500,402200,0.0105
402400,402400,1.0
402500,402500,1.0
402600,402600,1.0
402700,402700,0.9709
402700,402801,0.0291
402800,402801,0.7023
402800,402802,0.2977
402900,402900,1.0
403400,402900,0.0231
403000,403000,1.0
403100,403100,1.0
403300,403301,0.2145
403300,403302,0.7847
427300,403302,0.0
403400,403401,0.8276
403400,403402,0.1494
403501,403501,1.0
404000,403501,0.0039
403502,403502,0.9927
403502,403600,0.0073
403600,403600,0.9964
403702,403600,0.0156
403701,403701,1.0
403600,403702,0.0036
403702,403702,0.9844
403800,403800,0.9911
426100,403800,0.0001
426200,403800,0.0013
403900,403900,0.9964
404000,404000,0.9961
426200,404000,0.0008
404101,404101,0.9896
426200,404101,0.0
404102,404102,1.0
404101,404200,0.0069
404200,404200,0.9935
426100,404200,0.0038
404300,404300,0.9948
404400,404300,0.0005
404400,404400,0.9992
404501,404400,0.0084
404501,404501,0.9688
404700,404501,0.003
426100,404501,0.0
404502,404502,0.9922
404502,404600,0.0078
404600,404600,0.9865
430102,404600,0.0001
404700,404700,0.9915
404800,404800,1.0
404900,404900,0.9993
405000,405000,0.9915
405200,405000,0.0004
405100,405100,0.9969
405200,405200,0.9996
405301,405301,1.0
405302,405302,1.0
405401,405401,1.0
405402,405402,1.0
405500,405500,1.0
405600,405600,1.0
405700,405700,1.0
405800,405800,1.0
405901,405901,1.0
405902,405902,1.0
403300,406000,0.0009
406000,406000,0.9998
427300,406000,0.0
406000,406100,0.0002
406100,406100,1.0
406201,406201,1.0
406202,406202,1.0
406300,406300,1.0
406400,406400,1.0
406500,406500,1.0
406601,406601,1.0
406602,406602,1.0
406700,406700,1.0
406800,406800,1.0
406900,406900,1.0
407000,407000,1.0
407101,407101,1.0
407102,407102,1.0
407200,407200,1.0
407300,407300,1.0
407400,407400,1.0
407500,407500,1.0
407600,407600,1.0
407700,407700,0.9959
407800,407700,0.0
407700,407800,0.0041
407800,407800,0.9865
407900,407900,1.0
408000,408000,0.9988
430102,408000,0.0005
408100,408100,0.9946
430102,408100,0.0027
408200,408200,1.0
407800,408300,0.0135
408300,408300,1.0
408400,408400,1.0
408500,408500,1.0
408600,408600,0.998
408600,408700,0.002
408700,408700,1.0
408800,408800,0.9793
408800,408900,0.0207
408900,408900,1.0
409000,409000,0.9973
428301,409000,0.0882
432400,409000,0.0061
409100,409100,1.0
409200,409200,0.9762
432502,409200,0.0004
409300,409300,0.9992
409400,409400,1.0
409500,409500,1.0
409600,409600,1.0
409700,409700,1.0
409800,409800,1.0
409900,409900,0.9619
430102,409900,0.0001
410000,410000,0.9564
430102,410000,0.0
430400,410000,0.0042
432100,410000,0.0214
432800,410000,0.0032
410000,410100,0.0036
410100,410100,1.0
410200,410200,1.0
410300,410300,1.0
410400,410400,1.0
410500,410500,0.9895
420100,420100,0.9971
420200,420100,0.0085
421300,420100,0.0158
420200,420200,0.9915
420300,420301,0.3187
420300,420302,0.6672
420400,420302,0.0
420400,420401,0.1754
422000,420401,0.0013
420300,420402,0.001
420400,420402,0.8246
422000,420402,0.0013
420500,420500,0.9975
420600,420500,0.0017
421900,420500,0.0051
420600,420600,0.9942
421300,420600,0.0052
421900,420600,0.0082
421100,421100,1.0
421200,421200,0.9843
420600,421300,0.0038
421300,421300,0.979
421400,421400,1.0
421500,421500,0.9976
421600,421600,0.9901
422600,421600,0.005
421700,421700,1.0
421800,421800,1.0
420500,421900,0.0025
420600,421900,0.0002
421900,421900,0.9867
422000,422000,0.9968
425102,422000,0.0058
422100,422100,1.0
422200,422200,1.0
422300,422300,1.0
422400,422400,1.0
422500,422500,0.9988
422600,422500,0.0034
400100,422700,0.0007
422700,422700,0.9927
422800,422800,1.0
422900,422901,0.2918
422900,422902,0.7082
423000,423000,1.0
423100,423100,1.0
423200,423200,1.0
423300,423300,1.0
423400,423400,1.0
423500,423500,1.0
423601,423601,1.0
423602,423602,1.0
400100,423700,0.0006
423700,423700,0.9736
400100,423800,0.002
400200,423800,0.0133
400400,423800,0.0013
404300,423800,0.0052
423800,423800,0.9993
423902,423800,0.04
400500,423901,0.0032
400700,423901,0.001
423901,423901,0.9908
423902,423902,0.9196
400700,424001,0.0055
424001,424001,0.9811
400700,424002,0.0001
400800,424002,0.0102
424002,424002,0.9686
401700,425101,0.0109
425101,425101,1.0
401700,425102,0.0029
422000,425102,0.0
425102,425102,0.9942
422000,425103,0.0006
425103,425103,0.9986
400700,425104,0.0002
400900,425104,0.0144
401000,425104,0.0039
401700,425104,0.0011
425104,425104,0.9849
403800,426100,0.0076
404200,426100,0.0065
404501,426100,0.0228
404700,426100,0.0055
404900,426100,0.0007
405000,426100,0.0085
405100,426100,0.0031
426100,426100,0.9961
403800,426200,0.0013
403900,426200,0.0036
404101,426200,0.0034
426200,426200,0.9979
406100,427100,0.0
407300,427100,0.0
427100,427100,1.0
406000,427200,0.0
427200,427200,1.0
406000,427300,0.0
427300,427300,0.9983
427600,427600,1.0
427700,427700,1.0
427800,427800,1.0
427900,427900,1.0
428000,428000,1.0
428100,428100,1.0
428200,428200,1.0
409000,428301,0.0003
428301,428301,0.9118
428302,428301,0.002
428302,428302,0.998
428400,428400,1.0
428500,428500,1.0
428600,428600,1.0
427300,428700,0.0017
428700,428700,1.0
981900,428700,0.0
983200,428700,0.0
430101,430101,1.0
430102,430101,0.0
435200,430101,0.0055
404600,430102,0.0098
408000,430102,0.0012
408100,430102,0.0054
409900,430102,0.0381
410000,430102,0.0309
430102,430102,0.9961
430300,430102,0.2106
430200,430200,1.0
430102,430300,0.0005
430300,430300,0.7894
410000,430400,0.0009
430400,430400,0.9958
430500,430500,0.9989
430600,430600,1.0
430700,430700,1.0
430800,430800,1.0
430900,430900,1.0
431000,431000,1.0
431100,431100,1.0
431200,431200,1.0
410000,432100,0.0076
432100,432100,0.9784
432200,432200,1.0
409200,432300,0.0094
409300,432300,0.0008
432300,432300,1.0
409000,432400,0.0024
432400,432400,0.9939
990000,432400,
432501,432501,1.0
409200,432502,0.0143
432502,432502,0.9996
432600,432601,0.6336
432600,432602,0.3664
432100,432700,0.0
432700,432700,1.0
410000,432800,0.0006
432100,432800,0.0001
432800,432800,0.9968
433000,433000,0.9947
433000,433102,0.003
433102,433102,0.9996
433800,433102,0.0421
433000,433103,0.0023
433103,433103,1.0
433104,433104,1.0
433200,433200,0.9939
433700,433200,0.0136
433200,433300,0.0016
433300,433300,1.0
433400,433300,0.0109
433400,433400,0.9891
435900,433400,0.0008
990000,433400,
433500,433500,1.0
433200,433600,0.0045
433600,433600,1.0
433700,433700,0.9794
433800,433801,0.3749
433102,433802,0.0004
433800,433802,0.583
433900,433900,1.0
430500,434000,0.0011
433700,434000,0.007
434000,434000,1.0
435102,435102,0.9969
436402,435102,0.0002
435103,435103,1.0
435104,435103,0.0002
435200,435103,0.0007
435103,435104,0.0
435104,435104,0.9998
435200,435200,0.9939
435300,435300,1.0
435400,435400,1.0
435500,435500,1.0
435601,435601,1.0
435602,435602,1.0
435700,435700,1.0
435800,435800,1.0
433400,435900,0.0001
435900,435900,0.9618
437101,435900,0.0018
436000,436000,1.0
437101,436000,0.0006
436100,436100,1.0
437101,436100,0.0001
436200,436200,1.0
436300,436301,0.5776
436300,436302,0.4224
435102,436402,0.0031
435103,436402,0.0
436401,436402,0.0002
436402,436402,0.9996
436401,436403,0.4951
436401,436404,0.5047
436402,436404,0.0002
436500,436500,1.0
436601,436601,1.0
436602,436602,1.0
437400,436602,0.0025
436700,436700,1.0
436800,436800,1.0
436900,436900,1.0
437000,437000,1.0
435900,437101,0.0374
436000,437101,0.0
437101,437101,0.9883
440331,437101,0.0515
440332,437101,0.0931
441503,437101,0.0076
437102,437102,1.0
437200,437200,1.0
437300,437300,1.0
437400,437400,0.9975
437500,437500,1.0
437600,437600,1.0
437701,437701,1.0
437702,437702,1.0
437800,437800,1.0
437900,437900,1.0
438000,438000,1.0
438100,438100,0.9974
438201,438201,0.9855
438203,438201,0.0006
438201,438203,0.0145
438203,438203,0.992
440333,438203,0.0033
438204,438204,1.0
438300,438300,1.0
438400,438400,1.0
440100,440100,0.9864
441100,440100,0.0053
440200,440200,1.0
440308,440200,0.0005
438100,440301,0.0026
438203,440301,0.0072
440301,440301,1.0
440304,440304,1.0
440305,440305,1.0
440306,440305,0.0011
440306,440306,0.9989
441522,440306,0.0018
440307,440307,0.9993
440308,440308,0.9995
440331,440331,0.9485
437101,440332,0.0013
440332,440332,0.9055
438203,440333,0.0002
440333,440333,0.9967
440334,440334,0.99
440336,440336,0.9922
441301,440336,0.0188
440335,440337,0.5635
441200,440337,0.0013
440335,440338,0.4316
440100,441100,0.0136
441100,441100,0.9935
450701,441100,0.0004
440335,441200,0.0048
441200,441200,0.9987
441301,441200,0.0001
440336,441301,0.0078
441301,441301,0.9811
441302,441302,1.0
441401,441401,0.9829
440307,441402,0.0007
441401,441402,0.0145
441402,441402,1.0
441501,441501,0.8763
437101,441503,0.0079
440332,441503,0.0014
441501,441503,0.1237
441503,441503,0.9222
441521,441503,0.0512
444302,441503,0.0145
441521,441521,0.9488
440334,441522,0.01
441522,441522,0.9982
441523,441523,1.0
441524,441524,1.0
441503,441525,0.06
441401,441601,0.0027
441601,441601,1.0
441602,441602,1.0
441700,441701,0.4938
441700,441702,0.506
441800,441800,1.0
441921,441921,1.0
441923,441923,1.0
441924,441924,1.0
441926,441926,1.0
442500,441926,0.0008
441927,441927,1.0
441925,441928,0.8394
441925,441929,0.1606
442000,442000,0.9693
450701,442000,0.0003
442100,442100,1.0
442302,442100,0.0232
442000,442200,0.0002
442200,442200,0.9954
442200,442301,0.0046
442301,442301,0.9749
442301,442302,0.0251
442302,442302,0.9768
442400,442400,1.0
442500,442501,0.5028
442500,442502,0.4965
442601,442601,1.0
441700,442602,0.0002
442602,442602,1.0
442700,442700,1.0
442800,442800,1.0
442900,442900,1.0
443001,443001,1.0
443002,443002,1.0
443102,443102,1.0
443103,443103,0.9982
450701,443103,0.0041
443104,443104,1.0
443105,443105,1.0
443200,443200,0.9906
443301,443200,0.0133
450701,443200,0.0036
443301,443301,0.9867
443321,443321,1.0
443322,443322,1.0
444100,444100,1.0
444200,444200,1.0
444301,444301,1.0
444302,444303,0.2543
441503,444304,0.0072
444302,444304,0.7312
444400,444400,1.0
444500,444500,0.9977
444500,444601,0.0023
444601,444601,1.0
441503,444602,0.003
444602,444602,1.0
450101,450101,1.0
450102,450102,1.0
450200,450200,1.0
450300,450300,0.9998
450400,450400,0.9983
450501,450501,1.0
450502,450502,1.0
450601,450601,1.0
450300,450603,0.0001
450603,450603,1.0
450743,450603,0.0
450604,450604,1.0
450605,450605,1.0
450606,450606,1.0
450607,450607,0.9825
450602,450608,0.5666
450602,450609,0.4334
441100,450701,0.0012
442000,450701,0.0305
443103,450701,0.0018
443200,450701,0.0094
450701,450701,0.9915
450742,450701,0.0008
451102,450701,0.003
450607,450741,0.0175
450741,450741,1.0
450742,450742,0.9967
450300,450743,0.0001
450743,450743,0.9968
450743,450744,0.0031
450744,450744,1.0
451300,450744,0.0008
450742,450745,0.0026
450745,450745,1.0
450746,450746,1.0
450750,450750,0.9848
450750,450751,0.0152
450751,450751,1.0
450752,450751,0.0008
450102,450752,0.0
450752,450752,0.9992
451202,450752,0.0003
450701,451102,0.0
451102,451102,0.997
450701,451103,0.0001
451101,451103,0.109
451101,451104,0.8901
451201,451201,0.9972
451202,451202,0.9997
451300,451202,0.0009
451300,451300,0.9981
451401,451300,0.0006
451300,451401,0.0001
451401,451401,0.9994
451403,451403,1.0
451404,451404,1.0
451501,451501,1.0
451503,451503,1.0
451201,451504,0.0028
451504,451504,1.0
451505,451505,1.0
451506,451506,1.0
451601,451601,1.0
451602,451602,1.0
451701,451701,1.0
451703,451703,1.0
451704,451704,1.0
981900,981900,1.0
982000,982000,1.0
400100,982100,0.0001
421600,982100,0.0009
422500,982100,0.0012
422600,982100,0.9858
422700,982100,0.0028
427300,983200,0.0
428700,983200,0.0
983200,983200,1.0
990000,990000,
